<?xml version="1.0" encoding="UTF-8"?>
<project-private xmlns="http://www.netbeans.org/ns/project-private/1">
    <editor-bookmarks xmlns="http://www.netbeans.org/ns/editor-bookmarks/2" lastBookmarkId="0"/>
    <open-files xmlns="http://www.netbeans.org/ns/projectui-open-files/2">
        <group>
            <file>file:/D:/COP%203337/Code1/src/code1/Address.java</file>
            <file>file:/D:/COP%203337/Code1/src/code1/Code1.java</file>
            <file>file:/D:/COP%203337/Code1/src/code1/Database.java</file>
            <file>file:/D:/COP%203337/Code1/src/code1/Manufacturer.java</file>
            <file>file:/D:/COP%203337/Code1/src/code1/Product.java</file>
            <file>file:/D:/COP%203337/Code1/src/code1/Name.java</file>
        </group>
    </open-files>
</project-private>
